task_id,category,control_passed,router_passed,control_model,router_model,control_budget_cost_usd,router_budget_cost_usd,control_latency_ms,router_latency_ms
code-right_rotate,coding,True,True,opus-5.5-api,glm-5.3-flash,0.002096,0.00051055,2947.58,8203.616
code-stable_unique,coding,True,True,opus-5.5-api,glm-5.3-flash,0.001908,0.00046225,3092.063,8722.153
code-merge_intervals,coding,True,False,opus-5.5-api,glm-5.3-flash,0.009412,0.0007114,6626.135,21670.767
code-brackets_balanced,coding,True,True,opus-5.5-api,glm-5.3-flash,0.003196,0.00012485,3068.123,3097.369
code-word_counts,coding,False,False,opus-5.5-api,glm-5.3-flash,0.00212,0.0003836,4676.785,11077.551
code-run_lengths,coding,True,True,opus-5.5-api,glm-5.3-flash,0.002296,0.000253215,2910.863,33333.105
code-median,coding,True,True,opus-5.5-api,glm-5.3-flash,0.002044,0.00022275,2783.0,5701.462
code-first_unique,coding,True,True,opus-5.5-api,glm-5.3-flash,0.002072,9.58e-05,2612.539,2091.761
code-format_duration,coding,True,True,opus-5.5-api,glm-5.3-flash,0.002152,0.0001159,2688.379,1823.704
code-parse_pairs,coding,True,False,opus-5.5-api,glm-5.3-flash,0.009848,0.0007132,6400.4,18435.487
math-fraction-of-total,math,True,True,opus-5.5-api,gpt-6-luna,0.001492,2.3e-05,4295.474,2674.501
math-fraction-plus-offset,math,True,True,opus-5.5-api,glm-5.3-flash,0.002144,4.935e-05,3897.337,1153.495
math-discount-and-tax,math,False,False,opus-5.5-api,glm-5.3-flash,0.003484,0.00012605,3486.855,3428.459
math-five-value-mean,math,True,True,opus-5.5-api,glm-5.3-flash,0.002704,5.69e-05,3117.085,9061.234
math-constant-speed-distance,math,True,True,opus-5.5-api,gpt-6-luna,0.002652,3.68e-05,3780.406,3031.34
math-powers-difference,math,True,True,opus-5.5-api,glm-5.3-flash,0.00334,5.49e-05,3845.354,1312.051
math-production-rate,math,True,True,opus-5.5-api,glm-5.3-flash,0.002384,7.08e-05,3377.831,5841.332
math-tank-change,math,True,True,opus-5.5-api,glm-5.3-flash,0.002844,7.805e-05,3662.891,2620.461
math-linear-equation,math,True,True,opus-5.5-api,glm-5.3-flash,0.003908,0.0001214,3821.082,2495.895
math-combination-count,math,True,True,opus-5.5-api,glm-5.3-flash,0.00254,6.83e-05,3557.891,2023.589
knowledge-transit,knowledge,True,True,opus-5.5-api,gpt-6-luna,0.000556,1.72e-05,2370.774,2140.533
knowledge-inventory,knowledge,True,True,opus-5.5-api,gpt-6-luna,0.000684,1.88e-05,2811.55,2097.683
knowledge-event,knowledge,True,True,opus-5.5-api,glm-5.3-flash,0.000624,4.33e-05,2375.76,1089.923
knowledge-appointment,knowledge,True,True,opus-5.5-api,gpt-6-luna,0.001528,1.61e-05,4665.414,1425.646
knowledge-returns,knowledge,True,True,opus-5.5-api,glm-5.3-flash,0.000628,3.13e-05,2216.064,1203.229
knowledge-dataset,knowledge,True,True,opus-5.5-api,gpt-6-luna,0.000636,2.97e-05,2213.726,12620.899
knowledge-sample,knowledge,True,True,opus-5.5-api,gpt-6-luna,0.000532,1.6e-05,2940.99,1492.444
knowledge-shipping,knowledge,True,True,opus-5.5-api,gpt-6-luna,0.000524,1.08e-05,2040.233,1198.477
knowledge-configuration,knowledge,True,True,opus-5.5-api,gpt-6-luna,0.000448,1.45e-05,2908.181,1964.147
knowledge-archive,knowledge,True,True,opus-5.5-api,gpt-6-luna,0.00056,1.64e-05,2425.145,2410.548
design-event-card,design,False,False,opus-5.5-api,glm-5.3-flash,0.016728,0.0010153,8416.278,22529.517
design-lamp-stock,design,False,False,opus-5.5-api,glm-5.3-flash,0.017764,0.0010156,9983.494,23209.63
design-schedule-table,design,False,True,opus-5.5-api,glm-5.3-flash,0.02138,0.0008923,10728.622,96650.792
design-email-form,design,False,True,opus-5.5-api,glm-5.3-flash,0.012444,0.00098595,7266.292,16229.434
design-studio-plan,design,False,False,opus-5.5-api,glm-5.3-flash,0.021044,0.0010138,10402.053,36877.678
design-tabs,design,False,False,opus-5.5-api,glm-5.3-flash,0.028984,0.0010144,13522.046,23286.371
design-empty-reports,design,True,True,opus-5.5-api,glm-5.3-flash,0.021396,0.00059345,10173.787,12512.437
design-shipments-tile,design,False,True,opus-5.5-api,glm-5.3-flash,0.013868,0.00041315,7688.024,6549.398
design-breadcrumb,design,False,False,opus-5.5-api,glm-5.3-flash,0.011468,0.00101425,5904.698,25334.803
design-delete-dialog,design,False,False,opus-5.5-api,glm-5.3-flash,0.02004,0.0010153,9832.555,63490.638
